"","Observation","Buy","Income","Female","Married","College","Professional","Retired","Unemployed","ResidenceLength","DualIncome","Minors","Own","House","White","English","PrevChildMag","PrevParentMag"
"1",1,0,24000,1,0,1,1,0,0,26,0,0,0,1,0,0,0,0
"2",2,1,75000,1,1,1,1,0,0,15,1,0,1,1,1,1,1,0
"3",3,0,46000,1,1,0,0,0,0,36,1,1,1,1,1,1,0,0
"4",4,1,70000,0,1,0,1,0,0,55,0,0,1,1,1,1,1,0
"5",5,0,43000,1,0,0,0,0,0,27,0,0,0,0,1,1,0,1
"6",6,0,24000,1,1,0,0,0,0,41,0,0,1,1,0,0,0,0
"7",7,0,26000,1,1,1,0,1,0,20,0,1,1,1,1,1,0,0
"8",8,0,38000,1,1,0,0,1,0,8,0,0,1,1,1,1,0,0
"9",9,0,39000,1,0,1,1,0,0,17,0,0,0,0,1,1,0,0
"10",10,0,49000,0,1,0,0,1,0,31,0,0,1,1,1,1,0,0
"11",11,1,75000,1,0,1,0,0,0,13,1,0,0,0,1,1,0,1
"12",12,0,31000,1,0,1,0,1,0,51,0,0,0,0,1,1,0,0
"13",13,0,10000,0,0,0,0,0,0,6,0,0,0,0,1,1,0,0
"14",14,0,22000,0,0,0,0,0,0,2,0,0,0,0,1,1,0,0
"15",15,0,39000,0,1,0,0,0,0,24,0,0,1,1,0,0,0,0
"16",16,0,2000,0,1,0,0,0,1,52,1,1,0,1,0,1,0,0
"17",17,1,75000,0,0,0,0,0,0,9,0,0,0,1,1,1,1,0
"18",18,1,69000,1,1,0,0,0,0,0,0,1,1,1,1,1,0,0
"19",19,1,60000,1,1,0,1,0,0,6,1,0,0,0,1,1,1,1
"20",20,0,12000,1,0,0,0,0,0,22,0,0,0,0,1,1,0,0
"21",21,0,42000,1,1,0,0,0,0,46,1,0,1,1,1,1,0,1
"22",22,0,4000,1,0,0,0,0,0,15,0,1,0,1,1,1,0,0
"23",23,0,75000,0,0,0,0,0,0,12,0,1,0,1,1,1,0,0
"24",24,1,45000,1,1,1,0,0,0,20,1,1,1,1,1,1,0,1
"25",25,0,21000,1,0,1,0,0,0,2,0,0,0,0,1,1,0,0
"26",26,1,75000,1,0,1,1,0,0,16,0,0,1,1,0,1,0,0
"27",27,0,23000,0,0,1,1,0,0,2,0,0,0,0,0,1,0,0
"28",28,0,38000,0,0,0,0,1,0,33,0,0,1,1,1,1,0,0
"29",29,0,12000,1,0,0,0,0,0,5,0,0,0,0,1,1,0,0
"30",30,0,46000,1,1,0,0,0,0,16,0,0,1,1,1,1,1,0
"31",31,0,50000,1,1,0,1,0,0,7,1,1,1,1,0,1,0,1
"32",32,0,46000,0,0,0,0,0,0,17,0,1,0,1,1,1,0,0
"33",33,1,75000,0,1,0,1,0,0,36,1,0,1,1,1,1,0,1
"34",34,0,4000,1,0,0,0,0,0,1,0,1,0,1,1,1,0,0
"35",35,0,33000,1,1,0,0,0,0,43,0,0,0,1,0,1,1,0
"36",36,0,26000,0,0,0,0,0,0,33,0,0,0,0,1,1,0,0
"37",37,1,75000,0,0,0,1,0,0,12,1,0,1,1,1,1,0,0
"38",38,0,33000,1,1,1,1,0,0,15,0,0,1,1,1,1,0,0
"39",39,0,4000,1,0,0,0,0,0,0,0,0,0,0,1,1,0,0
"40",40,0,49000,0,1,0,0,0,0,10,1,1,1,1,1,1,0,0
"41",41,0,21000,1,1,0,0,0,0,20,1,1,0,0,0,1,0,0
"42",42,0,20000,0,0,0,0,0,0,1,0,0,1,1,0,1,0,0
"43",43,0,15000,0,1,0,0,0,0,3,1,0,0,0,1,1,0,0
"44",44,0,25000,0,0,0,1,0,0,23,0,0,0,0,0,1,0,0
"45",45,0,40000,0,1,1,0,1,0,13,0,0,1,1,1,1,0,0
"46",46,1,75000,1,1,1,1,0,0,12,1,0,1,1,1,1,0,0
"47",47,0,33000,1,1,0,0,0,0,20,1,0,1,1,0,1,0,0
"48",48,0,10000,0,0,1,0,0,1,0,0,0,0,0,1,1,0,0
"49",49,0,20000,1,0,0,0,0,0,29,0,0,0,0,0,1,0,0
"50",50,0,2000,1,0,0,0,0,0,14,0,0,0,1,0,0,0,0
"51",51,0,43000,0,0,1,1,0,0,0,0,0,0,0,1,1,0,0
"52",52,0,11000,1,0,1,0,0,0,0,0,0,0,0,0,1,1,0
"53",53,0,18000,0,0,0,0,0,0,24,0,0,0,0,1,1,0,0
"54",54,0,7000,1,0,0,0,0,0,10,0,1,0,1,1,1,0,0
"55",55,1,75000,1,1,0,1,0,0,18,0,1,1,1,1,1,0,0
"56",56,0,2000,1,0,0,0,0,0,2,0,0,0,0,1,1,0,0
"57",57,0,7000,1,0,0,0,0,0,13,0,1,0,1,1,1,0,0
"58",58,0,0,1,0,0,0,0,0,32,0,1,0,1,0,1,0,0
"59",59,1,47000,1,1,1,1,0,0,7,1,1,1,1,1,1,0,0
"60",60,0,20000,1,0,0,1,0,0,3,0,0,0,0,1,1,0,0
"61",61,1,75000,1,1,0,0,0,0,9,1,0,1,1,1,1,0,0
"62",62,1,61000,1,1,1,1,0,0,51,1,0,1,1,0,1,0,0
"63",63,0,30000,0,0,0,0,0,0,14,0,1,0,1,0,1,0,0
"64",64,0,6000,1,0,0,0,0,0,18,0,1,1,1,1,1,0,0
"65",65,0,22000,0,0,0,1,0,0,24,0,0,0,1,0,1,0,0
"66",66,0,39000,0,0,0,0,0,0,0,0,0,0,1,1,1,0,0
"67",67,0,26000,1,0,0,0,0,0,24,0,0,0,0,1,1,0,1
"68",68,0,22000,1,0,1,1,0,0,0,0,0,0,1,0,1,0,0
"69",69,0,46000,0,0,0,0,0,0,1,0,1,0,0,0,1,0,1
"70",70,0,39000,1,1,1,0,0,0,45,1,1,1,1,0,1,0,0
"71",71,0,49000,0,0,0,0,0,0,18,0,0,0,1,1,1,1,0
"72",72,0,5000,1,1,0,0,0,0,18,0,1,0,1,0,1,0,0
"73",73,0,9000,0,0,1,0,0,0,13,0,0,0,0,0,1,0,0
"74",74,0,75000,0,0,0,0,0,0,4,0,1,0,1,0,0,0,0
"75",75,0,9000,0,0,0,0,0,0,4,0,1,0,1,0,0,0,0
"76",76,0,43000,1,0,0,1,0,0,25,0,0,0,1,1,1,0,1
"77",77,0,30000,1,1,0,0,0,0,1,0,1,1,1,0,1,0,0
"78",78,0,13000,0,0,0,0,0,0,20,0,0,0,0,1,1,0,0
"79",79,0,3000,1,0,0,0,0,1,9,0,1,0,1,0,0,0,0
"80",80,0,28000,0,0,0,0,0,0,26,0,0,0,1,0,1,0,0
"81",81,0,44000,0,0,0,1,0,0,2,0,0,0,0,1,1,0,0
"82",82,1,69000,1,1,1,1,0,0,26,1,0,0,0,1,1,0,0
"83",83,0,3000,0,0,1,0,0,0,3,0,0,0,0,0,0,0,0
"84",84,0,7000,0,0,0,0,0,0,16,0,1,0,1,0,1,0,0
"85",85,0,32000,0,1,0,1,0,0,14,1,0,1,1,1,1,0,0
"86",86,0,21000,0,0,0,0,0,0,33,0,0,0,0,1,1,0,0
"87",87,1,75000,1,1,0,0,0,0,60,0,0,1,0,1,1,0,0
"88",88,0,19000,0,0,0,0,0,0,2,0,0,0,0,1,1,0,0
"89",89,0,42000,0,0,1,1,0,0,35,0,0,0,0,0,0,0,0
"90",90,0,15000,0,0,1,1,0,0,26,0,0,0,0,0,1,0,0
"91",91,0,6000,0,0,0,0,0,0,19,0,0,1,1,1,1,0,0
"92",92,1,73000,0,0,0,0,0,0,42,0,1,0,1,1,1,0,0
"93",93,1,75000,1,1,1,1,0,0,25,1,0,1,1,1,1,0,0
"94",94,0,25000,1,0,0,0,0,0,28,0,1,0,0,1,1,0,0
"95",95,0,8000,1,0,0,0,0,0,12,0,1,0,1,1,1,0,0
"96",96,1,75000,0,1,1,1,0,0,25,1,0,1,1,1,1,0,0
"97",97,0,44000,1,1,0,0,0,0,36,1,1,1,0,0,1,0,0
"98",98,0,27000,0,1,1,1,0,0,18,1,0,0,1,1,1,1,0
"99",99,0,7000,0,0,0,0,0,0,16,0,1,0,1,1,1,0,1
"100",100,0,61000,0,1,0,1,0,0,5,1,1,0,0,1,1,1,0
"101",101,0,70000,0,1,0,0,1,0,57,0,0,1,1,1,1,0,0
"102",102,1,70000,0,1,0,1,0,0,8,0,1,0,1,1,1,0,0
"103",103,0,1000,1,0,0,0,0,0,15,0,1,0,1,1,1,0,0
"104",104,0,22000,1,0,1,1,0,0,4,0,0,0,0,1,1,0,0
"105",105,0,23000,1,0,0,1,0,0,33,0,0,0,0,1,1,0,0
"106",106,1,61000,1,1,0,0,0,0,28,1,0,1,1,1,1,1,0
"107",107,0,75000,0,0,1,1,0,0,28,0,0,0,1,0,0,0,0
"108",108,0,46000,1,0,1,1,0,0,36,0,0,1,1,1,1,0,0
"109",109,0,49000,0,0,1,0,0,0,18,0,0,1,1,0,1,0,0
"110",110,0,23000,0,0,1,1,0,0,6,0,0,0,0,1,1,0,0
"111",111,1,59000,1,1,1,1,0,0,41,1,1,1,1,1,1,0,1
"112",112,0,30000,1,0,0,0,0,0,0,0,0,0,0,0,1,0,0
"113",113,0,38000,0,1,0,0,1,0,1,0,0,1,1,1,1,0,0
"114",114,0,9000,1,0,0,0,0,0,3,0,1,0,1,1,1,0,0
"115",115,0,21000,1,1,0,1,0,0,52,1,0,0,1,0,1,0,0
"116",116,0,49000,1,0,0,1,0,0,24,0,0,1,0,1,1,0,0
"117",117,0,61000,1,1,1,1,0,0,33,1,0,1,1,0,1,0,0
"118",118,0,14000,1,0,0,0,1,0,44,0,0,1,1,1,1,0,1
"119",119,1,75000,0,1,1,1,0,0,45,1,1,1,1,1,1,0,0
"120",120,0,40000,0,1,0,0,0,0,13,0,0,1,1,1,1,0,0
"121",121,1,59000,1,1,0,1,0,0,24,1,0,1,1,1,1,0,0
"122",122,1,75000,1,1,1,1,0,0,11,1,1,1,1,1,1,1,0
"123",123,1,57000,1,1,1,1,0,0,21,1,0,0,0,1,1,0,0
"124",124,0,23000,0,1,0,0,0,0,12,0,1,0,1,0,0,0,0
"125",125,1,73000,1,1,0,0,1,0,25,0,0,1,1,1,1,0,0
"126",126,0,43000,1,0,1,1,0,0,36,0,0,0,0,1,1,0,1
"127",127,0,30000,1,0,0,0,0,0,35,0,0,0,0,1,1,0,0
"128",128,1,75000,0,0,1,1,0,0,9,0,0,0,0,1,1,0,0
"129",129,1,75000,1,0,1,1,0,0,3,1,0,0,0,1,1,0,0
"130",130,0,41000,0,1,0,1,0,0,15,0,1,1,1,1,1,0,0
"131",131,0,6000,1,0,0,0,0,0,2,0,0,0,0,1,1,1,0
"132",132,1,75000,1,0,1,1,0,0,51,0,1,0,1,1,1,0,0
"133",133,0,36000,1,1,0,0,0,0,3,1,1,0,1,1,1,0,0
"134",134,1,75000,0,1,1,1,0,0,11,1,0,1,1,1,1,0,0
"135",135,0,26000,0,0,0,1,0,0,20,0,0,0,0,1,1,0,0
"136",136,0,33000,0,0,0,1,0,0,1,0,0,1,1,0,1,0,0
"137",137,0,37000,1,0,1,1,0,0,8,0,0,0,0,1,1,0,0
"138",138,0,19000,1,0,0,1,0,0,11,0,0,0,0,1,1,0,0
"139",139,0,19000,0,0,0,0,0,0,19,0,0,0,0,1,1,1,0
"140",140,0,0,0,0,1,0,0,0,2,1,0,0,0,1,1,0,0
"141",141,0,50000,0,0,1,1,0,0,30,0,0,1,1,0,0,0,0
"142",142,0,48000,0,1,0,0,0,0,22,1,1,1,1,0,0,0,0
"143",143,0,75000,0,1,0,0,1,0,14,0,0,1,1,1,1,0,0
"144",144,0,2000,1,0,0,0,1,0,2,0,0,1,0,1,1,0,0
"145",145,0,10000,1,0,0,0,1,0,8,0,0,0,0,1,1,0,0
"146",146,0,49000,0,0,0,1,0,0,18,0,0,0,0,1,1,0,0
"147",147,0,26000,0,0,1,1,0,0,3,0,0,0,0,1,1,0,0
"148",148,0,6000,1,0,0,0,0,1,0,0,1,0,0,1,1,0,0
"149",149,0,32000,0,1,0,0,0,0,24,1,0,1,1,1,1,0,0
"150",150,0,49000,1,1,0,0,0,0,21,1,0,1,1,1,1,0,0
"151",151,0,33000,1,1,1,0,0,0,27,0,1,1,1,1,1,0,0
"152",152,0,61000,0,0,1,0,0,0,1,0,0,0,0,1,1,0,1
"153",153,0,6000,1,0,0,0,0,0,18,0,1,0,1,1,1,0,0
"154",154,0,10000,1,0,0,0,0,1,20,0,1,0,1,1,1,0,0
"155",155,0,2000,1,0,0,0,0,0,0,0,0,0,1,1,1,1,0
"156",156,0,61000,0,0,0,1,0,0,17,0,0,0,0,1,1,0,0
"157",157,0,31000,0,0,0,0,0,0,10,0,0,0,1,0,1,0,0
"158",158,0,13000,1,0,0,0,0,0,15,0,1,0,1,1,1,0,0
"159",159,0,6000,1,0,0,0,0,0,15,0,1,0,1,1,1,0,0
"160",160,0,15000,0,0,0,0,0,0,8,0,1,0,1,0,1,0,0
"161",161,0,3000,0,0,0,0,0,0,16,0,1,0,1,1,1,0,0
"162",162,0,15000,1,0,0,0,0,0,33,0,0,0,0,0,1,0,0
"163",163,0,27000,1,0,1,1,0,0,18,0,0,0,0,0,1,0,0
"164",164,0,2000,0,1,1,0,0,0,26,1,0,0,0,0,1,0,0
"165",165,0,31000,1,0,1,1,0,0,18,0,0,1,1,1,1,0,0
"166",166,0,0,0,0,0,0,0,0,11,0,0,0,1,0,1,0,0
"167",167,0,2000,0,0,0,0,0,0,5,0,0,0,0,0,0,0,0
"168",168,0,37000,0,0,0,0,0,0,19,0,1,0,0,0,1,0,0
"169",169,0,54000,0,1,1,1,0,0,37,0,0,1,1,1,1,0,0
"170",170,0,4000,1,0,0,0,0,0,17,0,1,0,1,1,1,1,0
"171",171,0,8000,1,0,1,0,0,0,38,0,0,0,1,1,1,1,0
"172",172,0,57000,0,0,0,0,0,0,25,0,1,0,1,1,1,0,0
"173",173,0,0,1,0,0,0,0,0,17,0,1,0,1,1,1,1,0
"174",174,0,34000,1,1,0,0,0,0,27,1,0,0,1,1,1,0,0
"175",175,0,48000,0,0,0,0,0,0,15,0,0,0,0,0,1,0,0
"176",176,0,28000,0,0,0,0,0,0,11,0,1,0,1,0,0,0,0
"177",177,0,1000,1,0,0,0,0,1,15,0,1,0,1,0,0,0,0
"178",178,0,33000,0,0,1,1,0,0,24,0,0,0,1,1,1,0,0
"179",179,0,19000,1,1,0,0,1,0,14,0,0,1,1,1,1,0,0
"180",180,0,24000,1,0,0,0,0,0,31,0,0,0,0,0,1,0,0
"181",181,0,25000,0,0,0,0,0,0,30,0,0,0,1,1,1,0,0
"182",182,0,48000,0,0,1,1,0,0,9,0,0,1,1,0,1,0,0
"183",183,1,75000,1,0,0,0,1,0,57,0,0,1,0,1,1,0,0
"184",184,1,58000,1,1,1,0,0,0,8,1,0,1,1,1,1,0,1
"185",185,0,1000,0,0,0,0,0,0,2,0,0,0,1,1,1,0,0
"186",186,0,0,1,0,0,0,0,0,14,0,1,0,1,1,1,0,0
"187",187,1,67000,1,1,0,0,0,0,23,1,0,1,1,1,1,0,0
"188",188,0,7000,1,0,1,0,0,0,4,0,0,0,0,1,1,0,0
"189",189,0,7000,1,0,0,0,0,0,16,0,0,0,1,1,1,0,1
"190",190,1,75000,0,1,1,0,0,0,5,1,0,1,1,1,1,0,1
"191",191,0,53000,1,1,0,0,0,0,17,1,0,1,1,1,1,0,0
"192",192,0,9000,1,0,0,0,0,0,13,0,0,0,1,0,0,0,0
"193",193,0,44000,1,0,0,1,0,0,7,0,0,0,1,1,1,0,0
"194",194,1,75000,1,0,0,0,0,0,3,0,0,0,0,1,1,0,0
"195",195,0,36000,0,1,0,0,0,0,37,1,0,1,1,1,1,0,0
"196",196,0,3000,0,0,1,0,0,0,63,0,0,0,0,1,1,0,0
"197",197,0,27000,1,0,0,1,0,0,58,0,0,1,1,1,1,0,0
"198",198,0,8000,1,0,0,0,0,0,16,0,1,0,1,1,1,0,0
"199",199,0,52000,1,1,0,0,0,0,21,0,0,1,1,1,0,0,0
"200",200,0,34000,0,1,0,1,0,0,27,0,1,0,1,1,1,0,0
"201",201,0,10000,1,0,0,0,0,0,14,0,1,0,1,0,1,0,0
"202",202,0,32000,0,0,0,1,0,0,12,0,0,0,0,1,1,0,0
"203",203,0,16000,1,0,0,1,0,0,0,1,0,0,0,0,1,0,0
"204",204,0,21000,1,0,1,1,0,0,3,0,0,0,0,1,1,0,0
"205",205,0,49000,1,0,1,1,0,0,0,0,0,0,1,1,1,0,0
"206",206,1,75000,0,0,0,0,0,0,1,0,1,1,1,1,0,0,1
"207",207,0,27000,0,0,1,1,0,0,2,0,0,0,0,1,1,0,0
"208",208,0,9000,0,0,0,0,0,1,3,0,0,0,0,0,0,0,0
"209",209,0,9000,0,0,0,0,0,0,5,0,0,0,0,0,0,0,0
"210",210,1,49000,1,1,0,0,0,0,25,1,1,1,1,0,1,0,0
"211",211,0,48000,1,0,0,1,0,0,5,0,1,0,0,0,1,0,0
"212",212,1,61000,1,1,0,0,0,0,22,0,1,1,1,1,1,0,0
"213",213,0,15000,0,1,0,0,1,0,20,0,0,1,1,1,1,0,0
"214",214,0,31000,1,1,1,0,0,1,16,1,0,1,1,1,1,0,0
"215",215,0,31000,1,0,0,0,0,0,15,0,0,0,1,1,1,0,0
"216",216,0,9000,1,0,0,0,0,0,21,0,0,0,1,1,1,0,0
"217",217,0,10000,1,0,0,0,0,1,18,0,0,0,1,1,1,0,0
"218",218,0,12000,0,0,1,1,0,0,8,0,0,0,0,1,1,0,0
"219",219,0,11000,1,0,0,1,0,0,13,0,0,0,0,1,1,0,0
"220",220,0,12000,0,0,0,1,0,0,23,0,0,0,0,1,0,0,0
"221",221,0,14000,1,0,0,0,0,0,8,0,0,0,0,1,1,0,1
"222",222,0,7000,1,0,0,0,0,0,10,0,0,0,0,1,1,0,0
"223",223,0,23000,0,0,1,0,0,0,4,0,0,0,0,1,1,0,1
"224",224,0,28000,0,0,0,0,0,0,33,0,0,0,1,0,0,0,0
"225",225,0,10000,1,0,0,0,0,0,1,0,1,0,0,1,1,0,0
"226",226,0,38000,1,1,0,0,0,0,56,0,1,1,1,0,1,0,0
"227",227,1,67000,1,0,0,0,0,0,9,0,1,0,1,1,1,0,0
"228",228,0,38000,1,0,1,1,0,0,2,0,0,1,1,1,1,0,0
"229",229,0,7000,0,0,0,0,0,0,5,0,1,0,1,0,1,0,0
"230",230,0,18000,0,0,0,0,0,0,8,0,0,0,1,1,1,1,0
"231",231,0,50000,0,0,0,0,0,0,34,0,1,1,1,0,1,0,0
"232",232,0,23000,0,0,0,0,0,0,1,0,0,0,0,1,1,0,0
"233",233,0,6000,0,0,0,0,0,0,21,0,1,0,1,1,1,0,0
"234",234,1,75000,1,1,1,1,0,0,46,1,0,1,1,1,1,0,0
"235",235,0,41000,0,1,0,0,0,0,2,1,0,0,0,0,0,0,0
"236",236,0,48000,1,1,0,0,0,0,23,1,0,1,1,1,1,0,0
"237",237,0,54000,1,0,0,0,0,0,36,0,1,0,1,1,1,0,0
"238",238,0,41000,1,1,0,0,0,0,16,0,0,1,1,1,1,0,0
"239",239,0,30000,1,0,0,0,1,0,3,0,0,1,0,0,1,1,0
"240",240,1,75000,1,0,0,1,0,0,43,0,0,1,1,1,1,0,1
"241",241,0,27000,1,0,0,0,0,0,4,0,0,0,0,1,1,0,0
"242",242,0,45000,1,1,0,0,0,0,27,1,1,0,1,1,1,0,0
"243",243,0,2000,0,0,0,0,0,0,19,1,0,0,0,0,1,0,0
"244",244,0,20000,1,0,0,0,1,0,53,0,0,0,0,1,1,0,0
"245",245,0,4000,0,0,0,0,0,0,15,0,1,0,1,1,1,0,0
"246",246,1,74000,1,0,0,1,0,0,22,1,0,0,0,1,1,1,0
"247",247,0,2000,1,0,1,0,0,0,27,1,0,0,0,1,1,0,0
"248",248,0,49000,1,0,0,1,0,0,1,0,0,0,1,1,1,1,0
"249",249,1,75000,1,1,1,0,0,0,1,0,0,1,1,1,1,0,0
"250",250,0,15000,1,0,0,0,0,0,9,0,1,0,0,1,1,0,0
"251",251,0,34000,0,0,0,0,0,0,23,0,1,0,1,0,0,0,0
"252",252,0,75000,0,1,1,1,0,0,46,1,1,1,1,0,0,0,0
"253",253,0,49000,1,1,0,0,0,0,27,1,1,1,1,1,1,0,0
"254",254,0,49000,0,1,0,1,0,0,27,0,0,1,1,1,1,0,0
"255",255,0,54000,1,1,1,1,0,0,17,1,0,1,0,1,1,0,0
"256",256,0,35000,1,1,1,0,0,0,25,1,0,1,1,1,1,0,0
"257",257,1,75000,0,1,0,1,0,0,18,1,1,1,1,1,1,0,0
"258",258,1,75000,1,0,1,1,0,0,17,0,0,1,1,1,1,0,0
"259",259,0,10000,1,0,0,0,0,0,4,0,0,0,0,0,1,0,0
"260",260,1,75000,1,1,1,1,0,0,5,1,0,1,0,1,1,1,1
"261",261,0,13000,1,0,0,0,0,0,34,0,0,0,0,1,1,0,0
"262",262,0,60000,1,1,1,1,0,0,2,1,0,1,1,1,1,0,0
"263",263,0,4000,1,0,0,0,0,0,16,0,1,0,1,0,1,0,0
"264",264,1,75000,0,0,0,1,0,0,4,0,1,0,1,0,1,1,0
"265",265,0,46000,0,1,1,0,0,0,7,1,1,0,0,1,1,0,0
"266",266,1,75000,0,0,1,1,0,0,17,0,0,1,1,1,1,0,1
"267",267,0,17000,0,0,0,0,0,0,23,0,0,0,0,1,1,0,0
"268",268,1,69000,0,0,1,1,0,0,21,0,0,1,1,1,1,0,0
"269",269,0,10000,0,0,0,0,0,1,15,0,1,0,1,1,1,0,0
"270",270,1,75000,0,1,1,1,0,0,2,1,0,0,1,1,1,0,0
"271",271,0,5000,1,0,0,0,0,0,7,0,1,0,1,1,1,0,0
"272",272,0,36000,0,0,0,0,0,0,23,0,0,0,1,1,1,0,0
"273",273,0,40000,0,0,1,0,0,0,29,0,0,0,0,0,0,0,0
"274",274,0,44000,1,1,0,0,0,0,10,1,1,1,1,0,1,0,0
"275",275,0,19000,0,0,1,0,0,0,3,0,0,0,0,1,1,0,0
"276",276,0,27000,0,0,1,0,0,0,3,0,0,1,1,0,0,0,1
"277",277,0,2000,0,0,0,0,0,0,15,0,1,0,1,1,1,0,0
"278",278,0,25000,1,0,0,0,0,0,5,0,1,0,1,0,0,0,0
"279",279,0,21000,1,0,0,1,0,0,8,0,0,1,1,1,1,0,0
"280",280,0,14000,1,0,1,0,0,0,1,0,0,0,0,1,1,0,0
"281",281,0,1000,1,0,0,0,0,0,8,0,0,0,0,0,0,0,0
"282",282,0,34000,1,0,0,1,0,0,9,1,1,1,1,1,1,0,0
"283",283,0,2000,1,0,0,0,0,0,17,0,1,0,1,0,1,0,0
"284",284,0,25000,1,1,0,0,0,0,25,1,1,0,0,1,1,0,0
"285",285,0,74000,0,0,0,0,0,0,20,0,1,0,1,0,1,0,0
"286",286,0,19000,1,0,0,0,0,0,5,0,0,0,0,1,1,0,0
"287",287,0,32000,1,1,0,0,0,0,16,0,0,1,1,1,1,0,0
"288",288,0,18000,0,0,0,0,0,0,32,0,0,0,0,1,1,0,0
"289",289,0,9000,1,0,0,0,0,0,1,0,0,0,1,1,1,0,0
"290",290,0,38000,1,1,0,0,0,0,43,1,0,1,1,1,1,0,0
"291",291,1,75000,1,1,1,1,0,0,24,1,1,1,1,1,1,0,0
"292",292,0,1000,1,0,0,0,0,0,14,0,1,0,1,1,1,0,0
"293",293,0,23000,1,0,0,0,0,0,16,0,0,1,1,1,1,0,0
"294",294,0,1000,0,0,0,0,0,0,16,0,1,0,0,0,1,0,0
"295",295,0,7000,0,0,0,0,0,0,5,0,1,0,1,0,1,0,0
"296",296,0,10000,1,0,0,0,1,0,22,0,0,0,0,1,1,0,0
"297",297,1,75000,0,1,1,1,0,0,7,1,1,1,1,1,1,0,1
"298",298,0,2000,0,0,0,0,0,0,16,0,1,0,1,0,1,1,0
"299",299,1,75000,0,1,1,1,0,0,26,1,0,1,1,1,1,0,0
"300",300,0,39000,1,1,0,1,0,0,10,1,0,1,1,1,1,0,0
"301",301,1,70000,1,1,1,1,0,0,18,1,1,1,1,1,1,0,0
"302",302,0,65000,1,0,0,0,0,0,24,0,1,0,1,0,1,0,0
"303",303,0,35000,0,0,1,0,0,0,1,0,0,0,0,0,1,0,0
"304",304,1,75000,0,1,1,1,0,0,49,1,1,1,1,1,1,0,0
"305",305,0,49000,1,1,1,1,0,0,0,1,0,0,0,1,1,0,0
"306",306,0,44000,1,0,0,1,0,0,24,0,0,0,1,1,1,0,0
"307",307,0,18000,0,0,0,0,0,0,3,0,1,0,0,0,0,0,0
"308",308,1,48000,1,0,0,1,0,0,43,0,0,0,0,1,1,0,1
"309",309,0,4000,1,0,0,0,0,0,15,0,1,0,0,0,1,0,0
"310",310,0,2000,1,0,0,0,0,0,7,0,1,0,1,0,0,0,0
"311",311,1,75000,0,1,1,1,0,0,42,1,0,1,1,1,1,0,0
"312",312,0,39000,1,0,0,1,0,0,23,0,0,0,1,1,1,0,0
"313",313,1,75000,1,1,1,1,0,0,11,1,0,1,1,0,0,1,0
"314",314,0,26000,0,0,0,1,0,0,25,0,0,1,1,1,1,0,0
"315",315,1,75000,0,0,1,1,0,0,6,1,0,0,0,1,1,0,1
"316",316,0,22000,0,0,0,0,0,0,25,0,1,0,1,1,1,0,0
"317",317,0,7000,1,1,0,0,1,0,28,0,1,0,1,0,1,0,0
"318",318,1,68000,1,1,0,0,0,0,30,1,0,1,1,0,0,0,0
"319",319,0,45000,0,1,0,1,0,0,14,1,0,0,1,0,1,0,0
"320",320,1,64000,0,1,1,0,0,0,10,1,0,1,1,1,1,1,0
"321",321,0,23000,1,0,0,1,0,0,1,0,0,0,0,1,1,0,0
"322",322,1,75000,1,0,1,1,0,0,43,0,1,1,1,1,1,0,0
"323",323,0,4000,0,0,0,0,0,0,37,0,0,0,0,1,1,0,0
"324",324,0,18000,1,0,0,1,0,0,38,0,0,0,1,0,1,0,0
"325",325,0,23000,1,0,0,0,0,0,13,0,0,0,0,1,1,0,0
"326",326,0,25000,0,0,1,0,0,0,17,0,0,0,1,0,1,0,0
"327",327,0,75000,1,1,0,0,0,0,20,0,1,1,1,0,0,1,0
"328",328,0,34000,0,0,0,0,0,0,12,0,1,0,1,0,1,0,0
"329",329,0,60000,0,1,0,0,0,0,18,1,1,0,1,1,1,0,1
"330",330,0,49000,0,1,0,0,0,0,11,1,0,1,1,1,1,0,0
"331",331,0,68000,0,1,0,1,0,0,34,0,0,1,1,1,1,0,0
"332",332,0,41000,0,0,1,0,0,1,2,0,0,0,1,1,1,0,0
"333",333,0,69000,1,0,1,1,0,0,39,0,1,0,1,0,1,0,0
"334",334,0,39000,1,1,1,1,0,0,27,0,0,0,0,1,1,0,0
"335",335,0,24000,1,0,1,1,0,0,9,0,0,0,0,1,1,0,0
"336",336,0,6000,1,0,0,0,0,0,16,0,1,0,1,1,1,0,0
"337",337,0,9000,0,0,0,0,0,1,8,0,0,1,1,1,1,0,0
"338",338,0,9000,1,0,0,0,0,1,28,0,1,0,1,1,1,0,0
"339",339,0,55000,0,1,1,1,0,0,37,1,1,1,1,1,1,0,0
"340",340,0,28000,1,0,0,0,0,0,36,0,1,0,0,1,1,0,0
"341",341,0,25000,0,0,0,0,0,0,30,0,0,0,1,0,1,0,1
"342",342,0,39000,0,0,1,1,0,0,36,0,0,0,0,0,1,0,0
"343",343,0,48000,0,1,1,1,0,0,7,1,0,0,0,1,1,0,0
"344",344,0,28000,0,0,0,1,0,0,11,0,0,0,1,1,1,0,0
"345",345,0,6000,0,0,0,0,0,0,15,0,1,0,1,0,1,1,0
"346",346,0,51000,1,1,0,0,0,0,7,0,1,0,0,1,1,0,0
"347",347,0,8000,0,0,0,0,0,0,7,0,1,0,1,0,0,0,0
"348",348,0,19000,1,0,0,0,0,1,7,0,0,0,1,0,0,0,0
"349",349,0,48000,0,1,0,0,0,0,6,1,1,1,1,0,0,0,0
"350",350,0,39000,0,0,1,1,0,0,15,0,0,0,0,0,1,1,0
"351",351,0,30000,0,1,1,0,0,0,14,1,0,0,0,1,1,0,1
"352",352,1,66000,0,0,1,1,0,0,8,0,0,0,0,1,1,0,0
"353",353,1,49000,1,1,1,0,0,0,42,0,1,1,1,1,1,0,0
"354",354,0,22000,0,0,0,0,0,0,15,0,0,0,1,1,1,0,0
"355",355,0,49000,1,1,0,0,0,0,43,0,1,1,1,1,1,0,0
"356",356,0,2000,0,0,1,0,0,0,3,0,0,0,0,1,1,0,0
"357",357,1,75000,0,1,0,1,0,0,36,1,1,1,1,1,1,0,0
"358",358,0,10000,1,1,0,0,0,0,3,0,1,0,0,1,1,0,0
"359",359,0,24000,0,0,1,0,0,0,4,0,0,0,0,0,1,0,1
"360",360,0,23000,1,0,0,0,0,0,23,0,1,1,1,0,1,0,0
"361",361,1,48000,1,1,0,0,0,0,21,1,1,1,1,1,1,0,0
"362",362,0,3000,1,0,0,0,0,0,10,0,1,0,1,1,1,0,0
"363",363,0,4000,0,0,0,0,0,0,0,0,0,0,1,1,1,0,0
"364",364,0,2000,1,0,0,0,0,0,7,0,0,0,1,0,0,0,0
"365",365,0,9000,1,0,0,0,0,0,14,0,1,0,0,0,1,0,0
"366",366,0,37000,0,0,0,0,0,1,26,0,1,0,1,1,1,0,1
"367",367,0,19000,0,0,0,1,0,0,15,0,0,0,1,0,1,0,0
"368",368,0,1000,0,0,0,0,0,0,6,0,1,0,1,0,1,0,0
"369",369,0,36000,1,1,0,0,0,0,23,1,0,1,0,0,1,0,1
"370",370,0,54000,0,1,0,0,0,0,26,1,0,0,1,1,1,0,0
"371",371,0,28000,1,0,0,1,0,0,1,0,0,0,0,0,1,0,0
"372",372,0,47000,0,0,0,0,0,0,24,0,1,0,1,0,1,0,0
"373",373,0,42000,1,1,0,0,0,0,58,0,0,1,0,1,1,0,0
"374",374,0,8000,0,0,0,0,0,0,0,0,1,0,1,1,1,0,0
"375",375,0,19000,0,0,0,1,0,0,8,0,0,1,1,1,1,0,1
"376",376,0,50000,0,0,1,1,0,0,5,0,0,0,1,1,1,0,0
"377",377,0,10000,1,0,0,0,0,0,8,0,1,1,1,0,1,0,0
"378",378,1,70000,1,1,0,0,0,0,26,1,0,1,1,1,1,0,0
"379",379,0,27000,0,0,0,0,0,0,19,0,0,0,1,1,1,0,0
"380",380,0,30000,0,0,1,1,0,0,0,0,0,0,0,1,1,0,0
"381",381,0,18000,0,0,0,0,0,0,24,0,0,0,1,1,1,0,0
"382",382,1,75000,1,1,0,0,0,0,23,0,0,1,1,1,1,0,0
"383",383,0,55000,0,1,0,1,0,0,11,1,0,1,1,1,1,0,0
"384",384,0,10000,1,0,0,0,0,0,14,0,1,0,1,0,1,0,0
"385",385,0,30000,0,1,1,0,0,0,38,1,0,1,1,1,1,0,0
"386",386,0,20000,0,0,0,0,0,0,30,0,0,0,1,1,1,0,1
"387",387,0,26000,0,0,1,1,0,0,28,0,0,1,0,1,1,0,0
"388",388,0,7000,1,0,0,0,0,0,16,0,0,0,1,1,1,0,0
"389",389,1,75000,1,0,1,1,0,0,3,0,1,1,1,1,1,0,0
"390",390,1,60000,0,1,0,1,0,0,15,0,1,1,1,1,1,0,0
"391",391,0,12000,0,0,0,0,0,0,21,0,1,0,1,0,1,0,0
"392",392,0,63000,1,0,0,0,0,0,24,0,1,0,1,1,0,0,0
"393",393,0,49000,1,1,0,1,0,0,29,1,0,0,0,0,1,1,0
"394",394,0,8000,0,1,0,0,0,0,3,1,1,0,0,0,0,0,0
"395",395,0,23000,0,0,1,0,0,0,2,0,0,0,0,1,1,0,0
"396",396,1,72000,0,0,0,0,0,0,24,0,0,0,1,1,1,1,0
"397",397,0,47000,0,0,0,0,0,0,27,0,0,0,0,0,1,0,0
"398",398,0,48000,0,1,0,0,0,0,11,1,0,0,0,1,1,0,0
"399",399,0,33000,0,0,1,0,1,0,26,0,0,0,0,1,1,0,0
"400",400,1,75000,1,1,0,1,0,0,29,0,0,1,1,1,1,0,0
"401",401,0,7000,1,0,0,0,0,0,13,0,0,0,1,1,1,0,0
"402",402,0,11000,1,0,1,0,0,0,21,0,0,0,1,0,1,0,0
"403",403,0,50000,1,1,0,1,0,0,16,1,1,1,1,1,1,0,0
"404",404,0,8000,1,0,0,0,0,0,7,0,1,0,1,1,1,0,0
"405",405,0,42000,0,1,0,0,0,0,29,1,0,1,1,1,1,0,0
"406",406,1,69000,0,1,1,1,0,0,30,1,1,1,1,1,1,0,0
"407",407,0,21000,1,0,0,1,0,0,10,0,1,0,1,1,1,0,0
"408",408,0,12000,1,0,0,0,0,0,19,0,1,0,1,1,0,0,0
"409",409,1,75000,0,1,1,0,0,0,22,1,1,1,1,1,1,0,0
"410",410,0,24000,1,0,0,1,0,0,16,0,0,0,0,1,1,0,0
"411",411,0,70000,0,0,0,1,0,0,16,0,0,0,0,1,1,0,0
"412",412,0,42000,0,0,1,1,0,0,3,0,0,0,0,1,1,0,0
"413",413,0,7000,1,0,0,0,0,0,4,0,0,0,0,0,1,0,1
"414",414,1,75000,0,1,1,0,0,0,33,0,1,1,1,1,1,1,0
"415",415,0,7000,1,0,0,0,0,0,16,0,1,0,1,1,1,0,0
"416",416,0,75000,0,1,1,1,0,0,6,0,0,1,1,1,1,0,0
"417",417,0,4000,1,0,0,0,0,0,20,0,0,0,1,1,1,0,0
"418",418,1,75000,1,0,1,1,0,0,21,0,0,1,1,1,1,0,0
"419",419,0,40000,1,0,0,1,0,0,11,0,1,1,1,1,1,0,0
"420",420,0,75000,0,1,1,1,0,0,36,0,0,1,1,0,1,0,0
"421",421,0,34000,1,0,0,0,0,0,6,0,1,0,0,0,1,1,0
"422",422,1,67000,0,1,1,1,0,0,29,1,0,1,1,1,1,0,0
"423",423,0,50000,1,1,0,1,0,0,24,1,0,1,1,1,1,0,1
"424",424,0,8000,1,1,0,0,0,0,29,1,0,1,1,0,0,0,0
"425",425,0,26000,1,0,1,1,0,0,2,0,0,0,1,1,1,0,1
"426",426,0,50000,0,0,1,1,0,0,3,0,1,0,1,0,1,0,0
"427",427,0,42000,0,0,0,0,0,0,19,0,1,0,1,1,1,0,0
"428",428,0,11000,0,0,0,0,0,0,10,0,0,0,1,1,1,0,0
"429",429,0,23000,1,0,1,1,0,0,2,0,0,0,0,1,1,0,0
"430",430,0,16000,1,0,1,0,0,0,20,0,0,0,0,1,1,0,0
"431",431,0,4000,1,0,0,0,0,0,17,0,1,0,1,1,1,0,0
"432",432,0,34000,1,1,0,0,0,0,36,0,1,1,1,1,1,0,0
"433",433,1,75000,1,1,0,0,0,0,23,1,0,0,1,1,1,0,0
"434",434,1,75000,1,0,0,1,0,0,19,0,0,0,1,0,1,0,0
"435",435,1,75000,0,1,1,1,0,0,10,1,0,1,1,1,1,0,0
"436",436,0,15000,1,0,0,0,0,0,4,0,0,0,1,0,1,0,0
"437",437,0,59000,1,0,1,1,0,0,0,0,0,1,1,1,1,0,0
"438",438,1,69000,1,1,1,1,0,0,34,1,1,1,1,1,1,1,0
"439",439,0,40000,0,1,0,0,0,0,19,1,0,0,1,1,1,0,0
"440",440,0,17000,1,0,0,0,0,0,23,0,1,1,1,1,1,0,1
"441",441,0,53000,1,1,1,1,0,0,12,1,0,1,1,1,1,0,0
"442",442,0,38000,0,0,1,1,0,0,2,0,0,0,0,1,1,0,0
"443",443,0,22000,0,0,0,0,0,0,15,1,0,0,0,1,1,0,0
"444",444,1,75000,1,0,0,0,0,0,22,0,0,0,1,1,0,0,0
"445",445,0,12000,1,1,0,1,0,0,7,0,0,0,1,0,1,0,0
"446",446,1,75000,0,1,1,1,0,0,15,0,0,1,1,1,1,0,0
"447",447,0,60000,0,0,0,1,0,0,36,1,0,0,0,1,1,0,0
"448",448,0,55000,0,0,1,1,0,0,3,0,0,0,0,1,1,0,0
"449",449,0,75000,0,1,1,0,0,0,36,1,0,1,1,1,1,0,0
"450",450,0,41000,1,0,1,1,0,0,32,0,0,0,0,0,1,1,0
"451",451,0,4000,0,0,0,0,0,0,0,0,0,0,0,1,1,0,0
"452",452,1,55000,0,1,1,0,0,0,32,0,1,1,1,0,1,0,0
"453",453,0,8000,1,1,0,0,0,0,10,1,1,0,1,0,0,0,0
"454",454,1,75000,1,1,0,1,0,0,7,1,0,1,1,1,1,0,0
"455",455,0,39000,1,1,0,0,0,0,0,0,0,0,0,1,1,0,0
"456",456,0,24000,1,0,0,1,0,0,3,0,0,0,0,1,1,0,0
"457",457,0,22000,0,0,0,0,0,0,45,0,0,0,1,1,1,0,0
"458",458,0,40000,0,0,0,0,0,0,6,0,0,0,0,0,1,0,0
"459",459,0,62000,1,0,1,1,0,0,14,0,0,1,1,1,1,0,0
"460",460,0,1000,1,0,0,0,0,0,17,0,1,0,1,0,1,0,0
"461",461,0,38000,1,1,0,1,0,0,26,1,0,1,1,1,1,0,0
"462",462,0,19000,1,0,0,0,0,0,19,0,1,0,0,0,1,0,0
"463",463,0,15000,0,0,0,1,0,0,20,0,1,0,0,1,1,1,0
"464",464,0,4000,1,0,0,0,0,0,12,0,1,0,1,0,1,0,0
"465",465,0,11000,0,0,0,0,0,0,4,0,0,0,1,1,1,0,0
"466",466,0,30000,0,0,1,0,0,0,9,0,0,0,0,1,1,0,0
"467",467,0,15000,1,0,0,0,0,0,41,0,0,0,1,1,1,0,0
"468",468,0,33000,0,1,1,0,0,0,3,0,1,0,1,1,1,0,0
"469",469,0,45000,0,0,1,1,0,0,4,0,0,0,0,1,1,0,0
"470",470,0,36000,1,0,0,1,0,0,6,0,0,0,1,1,1,0,0
"471",471,0,11000,1,0,0,0,1,0,58,0,1,0,1,0,1,0,0
"472",472,0,1000,0,0,0,0,0,0,15,0,1,0,1,0,1,0,0
"473",473,1,35000,1,1,0,0,0,0,15,1,1,1,1,1,1,1,0
"474",474,0,13000,0,0,0,0,0,0,3,0,0,0,0,1,1,0,0
"475",475,0,35000,1,1,1,1,0,0,0,1,0,0,0,1,1,0,0
"476",476,0,29000,1,0,0,0,0,0,3,0,0,0,0,0,1,0,0
"477",477,0,49000,1,0,1,1,0,0,45,0,0,1,1,1,1,1,1
"478",478,0,18000,1,0,0,1,0,0,8,0,1,0,1,0,0,0,0
"479",479,0,39000,1,0,0,1,0,0,4,0,0,1,1,1,1,0,0
"480",480,0,35000,0,0,0,0,0,0,9,0,0,0,0,1,1,0,0
"481",481,1,67000,0,1,1,0,0,0,56,1,0,1,0,1,1,0,1
"482",482,0,9000,1,0,0,0,0,0,1,0,1,0,1,0,1,0,0
"483",483,0,10000,1,0,0,0,0,0,9,0,1,0,1,1,1,0,1
"484",484,0,2000,1,0,0,0,0,0,9,0,0,0,1,1,1,0,0
"485",485,0,25000,0,0,0,0,0,0,12,0,0,0,0,1,1,0,0
"486",486,0,21000,0,1,0,0,0,0,3,1,0,0,0,0,1,0,0
"487",487,0,37000,0,0,1,1,0,0,28,0,0,0,0,1,1,0,0
"488",488,1,42000,1,1,1,1,0,0,54,0,0,1,1,1,1,0,0
"489",489,1,75000,1,1,1,0,0,0,6,0,1,1,0,1,1,0,0
"490",490,0,12000,0,1,1,0,0,0,4,1,1,0,0,0,0,0,0
"491",491,0,20000,0,0,0,1,0,0,2,0,0,0,0,1,1,0,0
"492",492,0,0,1,0,0,0,0,0,16,0,1,0,0,0,1,0,1
"493",493,1,75000,1,1,0,0,0,0,31,1,0,1,1,1,1,0,1
"494",494,1,75000,0,0,0,1,0,0,2,0,0,0,1,1,1,0,0
"495",495,0,36000,0,1,0,0,1,0,40,0,0,1,1,0,1,0,0
"496",496,0,5000,1,0,0,0,0,0,13,0,0,1,1,0,1,0,0
"497",497,0,52000,1,0,1,0,0,0,1,0,0,0,0,1,1,0,0
"498",498,0,65000,0,0,0,0,0,0,17,0,1,0,1,0,0,0,0
"499",499,0,37000,0,0,1,0,0,0,5,0,0,0,1,1,1,0,0
"500",500,0,55000,1,1,1,1,0,0,8,1,1,1,1,0,1,0,0
"501",501,0,43000,0,0,0,0,0,0,19,0,1,0,1,0,0,0,0
"502",502,0,45000,1,0,1,1,0,0,7,0,0,1,1,1,1,0,0
"503",503,0,27000,1,0,1,0,1,0,9,0,0,0,0,1,1,0,0
"504",504,0,2000,0,0,0,0,0,0,18,0,1,0,1,1,1,0,0
"505",505,0,8000,0,0,0,0,0,0,15,0,1,0,1,1,1,1,0
"506",506,0,6000,0,0,0,0,0,0,15,0,0,0,1,1,1,0,0
"507",507,0,6000,1,1,0,0,0,0,1,1,0,1,1,0,1,0,0
"508",508,1,75000,0,0,0,0,0,0,5,0,1,0,1,1,0,0,0
"509",509,0,22000,1,1,0,1,0,0,6,0,0,1,0,1,1,0,0
"510",510,1,66000,0,0,0,0,0,0,65,0,0,1,1,1,1,0,0
"511",511,0,54000,0,0,0,1,0,0,15,0,0,1,1,1,1,0,0
"512",512,1,64000,0,1,0,1,0,0,37,0,1,1,1,1,1,0,0
"513",513,0,0,1,0,0,0,0,0,17,0,1,0,1,1,1,0,0
"514",514,0,65000,0,0,1,0,1,0,29,0,0,1,1,1,1,0,0
"515",515,1,75000,1,0,0,0,0,0,5,0,0,0,1,1,1,0,0
"516",516,1,58000,0,1,0,0,0,0,13,1,0,1,1,1,1,0,0
"517",517,0,41000,1,1,0,1,0,0,17,1,1,1,1,1,1,0,0
"518",518,0,54000,0,0,0,0,0,0,17,0,0,1,1,0,1,0,0
"519",519,0,39000,0,1,0,0,1,0,22,0,0,1,1,0,1,0,0
"520",520,0,6000,1,0,0,0,0,0,14,0,1,0,1,0,0,0,0
"521",521,0,20000,1,1,0,0,0,0,25,1,1,0,1,0,1,0,0
"522",522,0,5000,0,0,0,0,0,0,16,0,1,0,1,1,0,0,0
"523",523,0,28000,1,1,0,1,0,0,21,1,0,1,1,1,1,0,0
"524",524,0,44000,0,1,1,0,1,0,12,0,1,1,1,1,1,0,1
"525",525,1,70000,1,1,0,1,0,0,9,1,0,1,1,0,1,0,0
"526",526,1,35000,1,1,0,1,0,0,28,1,1,0,0,0,1,1,0
"527",527,0,18000,1,0,0,0,0,0,11,0,0,0,1,1,1,0,1
"528",528,0,34000,0,0,1,0,0,0,39,0,0,1,1,0,1,0,1
"529",529,0,17000,1,0,0,0,0,0,10,0,0,0,0,1,1,0,0
"530",530,0,58000,0,0,1,1,0,0,3,0,0,0,0,1,1,0,0
"531",531,0,70000,1,1,0,0,0,0,12,1,0,1,1,0,1,0,1
"532",532,0,54000,0,0,0,1,0,0,1,0,0,0,0,1,1,0,0
"533",533,0,49000,0,0,0,1,0,0,3,0,0,0,1,1,1,0,0
"534",534,0,5000,1,0,0,0,0,0,2,1,0,0,1,0,1,0,0
"535",535,0,17000,0,0,1,0,0,0,5,0,0,0,1,1,1,0,0
"536",536,1,64000,0,1,1,0,1,0,72,0,0,1,1,1,1,0,0
"537",537,0,33000,1,1,0,1,0,0,24,0,1,1,1,1,1,1,0
"538",538,0,24000,1,0,0,1,0,0,9,0,1,0,0,1,1,0,0
"539",539,0,49000,0,0,0,0,0,0,12,0,0,0,1,1,1,0,0
"540",540,0,1000,1,0,0,0,0,0,0,0,1,0,0,1,1,0,0
"541",541,0,17000,1,0,0,1,0,0,35,0,1,0,1,1,1,0,0
"542",542,0,33000,0,1,0,0,0,0,34,1,1,0,0,1,1,0,0
"543",543,0,50000,1,1,0,0,0,0,6,1,0,1,1,1,1,0,0
"544",544,0,58000,1,0,1,0,1,0,0,0,0,1,0,1,1,0,0
"545",545,0,18000,1,0,0,1,0,0,28,0,1,0,0,0,1,0,0
"546",546,0,4000,1,0,0,0,0,0,21,0,1,0,1,0,1,0,0
"547",547,1,49000,1,1,0,0,1,0,17,0,0,1,0,1,1,0,0
"548",548,0,44000,0,0,1,1,0,0,4,0,0,1,0,1,1,0,0
"549",549,0,8000,0,0,0,0,0,1,23,0,0,0,0,1,1,0,0
"550",550,0,52000,1,0,0,1,0,0,18,0,0,1,1,0,1,0,0
"551",551,0,56000,1,0,0,0,0,0,20,0,0,0,0,1,1,0,0
"552",552,0,25000,0,0,0,0,0,1,16,0,0,1,1,0,1,1,0
"553",553,0,30000,1,1,0,0,0,0,32,1,1,0,1,1,1,0,0
"554",554,0,60000,1,0,0,0,0,0,23,0,1,0,1,1,1,0,0
"555",555,0,35000,1,0,0,0,0,0,25,0,0,0,0,1,1,0,1
"556",556,1,75000,0,1,1,0,1,0,38,0,0,1,1,1,1,0,0
"557",557,0,49000,1,1,0,1,0,0,20,1,1,1,1,0,1,0,0
"558",558,0,8000,1,0,0,0,0,0,2,0,0,0,0,0,1,0,0
"559",559,0,15000,1,0,1,0,0,0,33,0,0,0,1,1,1,0,0
"560",560,0,19000,1,0,0,0,0,0,34,0,1,0,1,0,1,0,0
"561",561,0,7000,0,0,0,0,0,0,7,0,1,0,1,1,0,0,0
"562",562,1,61000,1,1,0,0,0,0,15,0,1,1,1,1,1,0,0
"563",563,1,75000,1,1,0,0,0,0,23,1,0,1,1,1,1,0,0
"564",564,1,75000,1,1,0,0,0,0,34,0,1,1,1,1,1,1,0
"565",565,1,59000,1,0,0,1,0,0,25,0,0,1,1,1,1,0,0
"566",566,0,12000,1,1,1,1,0,0,7,1,1,1,1,0,1,0,0
"567",567,0,0,1,0,0,0,1,0,19,0,0,0,0,1,1,0,0
"568",568,0,26000,1,0,0,1,0,0,52,0,0,1,1,1,1,0,0
"569",569,0,26000,0,0,0,0,0,0,17,0,1,0,1,0,1,0,0
"570",570,0,0,1,0,0,0,0,0,18,0,1,0,1,1,1,0,0
"571",571,1,69000,1,1,0,0,0,0,3,0,1,1,1,1,1,0,0
"572",572,1,65000,1,1,1,1,0,0,1,1,0,0,1,1,1,0,0
"573",573,0,7000,0,0,0,0,0,0,8,0,0,1,1,1,1,0,0
"574",574,0,62000,1,1,1,1,0,0,20,1,1,0,1,1,1,0,0
"575",575,0,57000,0,1,0,1,0,0,18,1,0,1,1,0,1,0,0
"576",576,0,5000,1,0,0,0,0,0,1,0,0,0,1,1,1,0,0
"577",577,0,56000,1,1,1,0,0,0,43,0,0,1,1,0,1,0,0
"578",578,0,67000,1,0,0,0,0,0,10,0,1,0,1,0,0,0,0
"579",579,0,27000,0,0,0,0,0,0,19,0,1,0,1,1,1,0,0
"580",580,0,40000,0,0,0,1,0,0,1,0,1,1,1,1,1,0,0
"581",581,0,46000,1,0,0,0,0,0,12,0,0,1,1,1,1,0,0
"582",582,0,44000,0,0,1,1,0,0,48,0,0,0,0,1,1,0,0
"583",583,0,17000,1,1,0,0,0,0,1,0,0,0,0,0,0,0,1
"584",584,0,70000,1,0,1,1,0,0,0,0,0,0,1,1,1,0,0
"585",585,0,22000,1,0,0,0,0,0,13,0,0,0,0,1,1,1,0
"586",586,0,39000,0,0,1,1,0,0,10,0,0,0,0,0,1,0,0
"587",587,0,8000,0,0,0,0,0,0,16,0,1,0,1,1,1,0,1
"588",588,0,30000,1,1,1,1,0,0,14,1,1,1,1,1,1,0,0
"589",589,0,23000,0,0,0,0,0,1,19,0,0,1,1,0,1,0,0
"590",590,0,32000,1,0,0,1,0,0,40,0,0,0,0,1,1,0,0
"591",591,1,75000,1,0,0,1,0,0,19,0,1,1,1,1,1,1,0
"592",592,0,13000,0,1,0,1,0,0,19,1,0,0,0,0,1,0,0
"593",593,0,17000,0,0,0,0,0,0,18,0,0,0,1,0,1,0,0
"594",594,0,13000,1,1,0,1,0,0,12,0,0,1,1,1,1,0,0
"595",595,1,69000,1,0,0,0,0,0,13,0,0,0,0,1,1,0,0
"596",596,0,14000,0,0,0,1,0,0,22,0,0,0,1,0,1,0,0
"597",597,1,75000,1,1,1,0,0,0,17,0,0,1,1,1,1,0,0
"598",598,0,23000,1,0,1,0,0,0,17,0,0,1,1,0,1,0,0
"599",599,0,46000,1,1,1,0,1,0,68,0,0,1,1,1,1,0,0
"600",600,0,2000,1,0,0,0,0,0,12,0,1,0,1,0,1,0,0
"601",601,0,37000,1,1,0,0,0,0,15,0,1,1,1,1,1,0,0
"602",602,0,14000,1,1,0,0,0,0,28,0,0,0,0,0,1,0,0
"603",603,0,8000,0,0,0,0,0,0,14,0,1,0,1,0,1,0,0
"604",604,0,27000,0,0,0,1,0,0,4,0,0,0,1,0,0,1,0
"605",605,0,5000,0,1,0,0,0,1,32,0,1,1,1,0,0,0,0
"606",606,0,6000,1,0,0,0,0,0,17,0,1,0,0,1,1,0,0
"607",607,0,44000,1,0,1,0,0,0,0,0,1,0,1,1,1,0,0
"608",608,0,14000,0,0,0,0,0,0,19,1,0,0,1,0,1,0,0
"609",609,0,49000,1,0,0,0,0,0,20,0,1,0,0,0,0,0,0
"610",610,1,75000,1,0,1,0,0,1,23,0,1,0,1,1,1,0,0
"611",611,0,7000,0,0,0,0,0,0,14,0,1,0,1,0,1,0,0
"612",612,0,61000,0,1,1,1,0,0,42,0,0,1,1,0,1,0,1
"613",613,0,42000,0,1,0,0,0,0,57,0,0,1,1,1,1,0,0
"614",614,0,30000,1,1,0,1,0,0,19,1,1,0,0,1,1,0,1
"615",615,1,59000,1,1,0,0,0,0,35,0,1,1,1,1,1,0,0
"616",616,0,38000,0,0,1,1,0,0,3,0,0,0,0,1,1,0,1
"617",617,0,13000,0,0,0,0,0,0,23,0,0,0,0,0,1,0,0
"618",618,0,31000,0,0,0,0,0,0,25,0,1,0,1,0,0,0,1
"619",619,0,24000,0,1,1,0,1,0,23,0,0,1,1,1,1,0,0
"620",620,0,34000,0,0,1,0,0,0,18,0,0,0,1,0,1,0,0
"621",621,0,45000,1,0,0,0,0,0,15,0,1,1,1,1,1,0,0
"622",622,0,3000,0,0,0,0,0,0,14,0,1,0,1,0,1,0,0
"623",623,0,41000,1,0,0,0,0,0,16,0,1,0,1,1,1,0,0
"624",624,0,33000,1,0,0,0,0,0,4,0,1,0,1,1,1,0,0
"625",625,1,75000,0,1,1,1,0,0,13,0,1,1,1,0,1,0,0
"626",626,0,5000,0,0,0,0,0,0,7,0,1,0,1,1,1,0,0
"627",627,0,20000,0,0,0,0,0,0,18,0,0,0,1,0,1,0,0
"628",628,0,23000,1,1,0,0,0,0,27,1,1,0,0,0,1,0,0
"629",629,0,24000,0,0,0,1,0,0,5,0,0,0,0,1,1,0,0
"630",630,0,30000,0,1,0,0,0,0,13,1,0,0,0,1,1,0,0
"631",631,0,18000,1,1,0,0,0,0,4,1,1,0,0,0,1,0,0
"632",632,0,19000,0,0,0,0,0,0,28,0,0,0,0,1,1,0,0
"633",633,0,27000,1,0,0,0,0,0,18,0,0,0,1,1,1,0,0
"634",634,0,10000,0,0,1,1,0,0,7,0,1,0,1,0,0,0,0
"635",635,0,46000,0,0,1,1,0,0,3,0,0,0,0,1,1,0,1
"636",636,0,27000,1,0,0,1,0,0,8,0,0,0,0,1,1,0,0
"637",637,0,29000,0,1,0,0,1,0,19,0,0,1,1,1,1,0,0
"638",638,0,35000,1,1,0,0,0,0,25,0,1,0,0,1,1,0,0
"639",639,1,75000,1,1,0,0,0,0,24,1,0,1,1,0,1,1,0
"640",640,0,37000,1,0,1,1,0,0,11,0,0,0,0,1,1,0,0
"641",641,0,28000,1,0,0,0,1,0,14,0,0,1,1,1,1,0,0
"642",642,1,67000,1,0,0,1,0,0,23,0,0,0,1,1,1,0,0
"643",643,1,75000,0,1,1,1,0,0,25,1,1,1,1,0,1,0,0
"644",644,0,8000,1,0,0,0,0,0,20,0,1,0,1,1,1,0,0
"645",645,1,73000,0,1,0,1,0,0,22,1,1,1,1,0,1,0,0
"646",646,0,22000,1,0,0,0,0,0,41,0,0,0,0,1,1,0,0
"647",647,0,24000,0,0,0,0,0,0,2,0,0,0,0,1,1,0,0
"648",648,0,28000,1,0,1,1,0,0,10,0,0,0,0,1,1,0,0
"649",649,1,75000,1,0,0,0,0,0,5,0,0,0,1,1,1,0,0
"650",650,0,14000,0,0,1,1,0,0,10,0,0,0,0,1,1,0,0
"651",651,0,47000,0,0,0,0,0,0,10,0,0,0,1,1,1,0,0
"652",652,0,8000,1,0,0,0,0,0,19,0,0,0,1,0,1,0,0
"653",653,0,15000,0,0,0,0,0,0,9,0,0,0,0,1,1,0,0
"654",654,0,10000,1,0,0,0,0,0,23,0,0,0,0,0,1,0,0
"655",655,1,75000,0,1,0,1,0,0,8,1,1,0,1,1,1,0,0
"656",656,0,72000,0,0,1,0,1,0,54,0,0,1,1,1,1,0,0
"657",657,0,33000,0,0,0,0,0,0,14,0,1,0,1,0,1,0,0
"658",658,0,58000,0,1,1,1,0,0,9,1,1,1,1,1,1,0,0
"659",659,1,49000,1,1,0,0,0,0,15,0,1,1,1,1,1,0,0
"660",660,0,27000,1,1,0,0,1,0,28,0,0,1,1,1,1,0,0
"661",661,0,4000,1,0,0,0,0,0,20,0,1,0,1,1,1,0,0
"662",662,0,40000,1,0,1,1,0,0,12,0,0,1,1,1,1,0,0
"663",663,0,75000,1,1,1,0,0,0,3,0,0,1,1,1,1,0,0
"664",664,0,27000,1,0,0,0,0,0,12,0,1,1,1,1,1,0,0
"665",665,0,22000,0,0,0,1,0,0,8,0,1,1,1,0,1,0,0
"666",666,0,8000,1,1,0,0,0,0,18,0,0,1,1,1,0,0,0
"667",667,1,75000,1,1,1,0,1,0,7,0,0,1,1,1,1,0,0
"668",668,0,21000,0,1,0,0,0,0,20,0,0,0,0,0,1,0,0
"669",669,0,27000,1,0,0,0,0,0,6,0,1,1,1,1,1,0,0
"670",670,0,3000,1,0,0,0,0,0,11,0,1,0,1,0,1,0,0
"671",671,1,75000,1,1,0,1,0,0,52,0,0,1,1,1,1,0,0
"672",672,1,51000,1,1,0,1,0,0,10,1,1,1,1,1,1,0,0
"673",673,0,11000,0,1,0,0,0,1,11,0,1,0,0,0,1,0,0
